{"cameraMode":{"drawMode":0,"name":"Shaded","section":"Shading Mode"},"sceneLighting":true,"audioPlay":false,"sceneViewState":{"m_AlwaysRefresh":false,"showFog":true,"showSkybox":false,"showFlares":true,"showImageEffects":true,"showParticleSystems":true,"showVisualEffectGraphs":true,"m_FxEnabled":true},"in2DMode":false,"pivot":{"x":0.07444195449352265,"y":-0.021438097581267358,"z":-0.0779789388179779},"rotation":{"x":0.12718616425991059,"y":-0.7861476540565491,"z":-0.17250008881092072,"w":-0.5797176957130432},"size":0.14717933535575868,"orthographic":false}