{"cameraMode":{"drawMode":0,"name":"Shaded","section":"Shading Mode"},"sceneLighting":true,"audioPlay":false,"sceneViewState":{"m_AlwaysRefresh":false,"showFog":true,"showSkybox":false,"showFlares":true,"showImageEffects":true,"showParticleSystems":true,"showVisualEffectGraphs":true,"m_FxEnabled":true},"in2DMode":false,"pivot":{"x":0.01775505766272545,"y":0.006517196074128151,"z":-0.006813840940594673},"rotation":{"x":0.39424747228622439,"y":0.07047463208436966,"z":-0.030363474041223527,"w":0.915821373462677},"size":0.06904016435146332,"orthographic":false}